au_roc,au_pr,f1,recall,precision,time_this_iter_s,done,timesteps_total,episodes_total,training_iteration,experiment_id,date,timestamp,time_total_s,pid,hostname,node_ip,time_since_restore,timesteps_since_restore,iterations_since_restore,experiment_tag,config.go_term_types,config.fb_binary_operator,config.rf_edge_operator,config.seed,config.go_node2vec_embedding_dim,config.go_node2vec_walk_length,config.go_node2vec_context_size,config.go_node2vec_walks_per_node,config.go_node2vec_p,config.go_node2vec_q,config.go_node2vec_num_negative_samples,config.iptmnet_node2vec_embedding_dim,config.iptmnet_node2vec_walk_length,config.iptmnet_node2vec_context_size,config.iptmnet_node2vec_walks_per_node,config.iptmnet_node2vec_p,config.iptmnet_node2vec_q,config.iptmnet_node2vec_num_negative_samples,config.rf_max_depth,config.rf_criterion,config.rf_max_features,config.rf_min_samples_split,config.rf_min_samples_leaf
0.7293335001413551,0.7489552378419683,0.6312328767123287,0.569451309935739,0.7080516287645974,3074.465210914612,True,,,1.0,9a28c17e733c45879264c3d585c5fc70,2021-03-18_07-12-54,1616051574.0,3074.465210914612,1692.0,rocm-server,10.162.156.112,3074.465210914612,0.0,1.0,"0_fb_binary_operator=hadamard,go_node2vec_context_size=20,go_node2vec_embedding_dim=128,go_node2vec_num_negative_samples=1,go_node2vec_p=0.1,go_node2vec_q=0.7,go_node2vec_walk_length=60,go_node2vec_walks_per_node=10,go_term_types=all,iptmnet_node2vec_context_size=15,iptmnet_node2vec_embedding_dim=64,iptmnet_node2vec_num_negative_samples=1,iptmnet_node2vec_p=0.8,iptmnet_node2vec_q=0.8,iptmnet_node2vec_walk_length=70,iptmnet_node2vec_walks_per_node=10,rf_criterion=entropy,rf_edge_operator=hadamard,rf_max_depth=0.9,rf_max_features=log2,rf_min_samples_leaf=7,rf_min_samples_split=9",all,hadamard,hadamard,20.0,128.0,60.0,20.0,10.0,0.1,0.7000000000000001,1.0,64.0,70.0,15.0,10.0,0.8,0.8,1.0,0.9,entropy,log2,9.0,7.0
0.5870991995414082,0.6023293174675584,0.5727229375298045,0.5936727632229363,0.5532012897282358,3382.9507009983063,True,,,1.0,c0727ba0c4714c28a9cf24c62519d59c,2021-03-18_07-18-02,1616051882.0,3382.9507009983063,1691.0,rocm-server,10.162.156.112,3382.9507009983063,0.0,1.0,"1_fb_binary_operator=cat,go_node2vec_context_size=20,go_node2vec_embedding_dim=32,go_node2vec_num_negative_samples=2,go_node2vec_p=0.3,go_node2vec_q=0.3,go_node2vec_walk_length=80,go_node2vec_walks_per_node=10,go_term_types=bp,iptmnet_node2vec_context_size=10,iptmnet_node2vec_embedding_dim=128,iptmnet_node2vec_num_negative_samples=2,iptmnet_node2vec_p=0.5,iptmnet_node2vec_q=0.3,iptmnet_node2vec_walk_length=100,iptmnet_node2vec_walks_per_node=20,rf_criterion=entropy,rf_edge_operator=avg,rf_max_depth=0.5,rf_max_features=auto,rf_min_samples_leaf=2,rf_min_samples_split=45",bp,cat,avg,20.0,32.0,80.0,20.0,10.0,0.30000000000000004,0.30000000000000004,2.0,128.0,100.0,10.0,20.0,0.5,0.30000000000000004,2.0,0.5,entropy,auto,45.0,2.0
0.584756760428576,0.5894927160885708,0.5731939163498098,0.5961443400889768,0.5519450800915332,3824.217967748642,True,,,1.0,04ec0a85e6bf49b998ac02f438aa9331,2021-03-18_08-16-40,1616055400.0,3824.217967748642,1690.0,rocm-server,10.162.156.112,3824.217967748642,0.0,1.0,"2_fb_binary_operator=hadamard,go_node2vec_context_size=15,go_node2vec_embedding_dim=48,go_node2vec_num_negative_samples=3,go_node2vec_p=0.9,go_node2vec_q=0.8,go_node2vec_walk_length=60,go_node2vec_walks_per_node=20,go_term_types=cc,iptmnet_node2vec_context_size=10,iptmnet_node2vec_embedding_dim=64,iptmnet_node2vec_num_negative_samples=3,iptmnet_node2vec_p=0.7,iptmnet_node2vec_q=0.6,iptmnet_node2vec_walk_length=70,iptmnet_node2vec_walks_per_node=10,rf_criterion=entropy,rf_edge_operator=avg,rf_max_depth=0.7,rf_max_features=log2,rf_min_samples_leaf=5,rf_min_samples_split=29",cc,hadamard,avg,20.0,48.0,60.0,15.0,20.0,0.9,0.8,3.0,64.0,70.0,10.0,10.0,0.7000000000000001,0.6000000000000001,3.0,0.7000000000000001,entropy,log2,29.0,5.0
0.6870933596316605,0.712450911411338,0.6019887127116367,0.5536332179930796,0.6595995288574794,1381.9995305538177,True,,,1.0,ff363136bd2e4c92beb2ecb16416e031,2021-03-18_07-41-07,1616053267.0,1381.9995305538177,1681.0,rocm-server,10.162.156.112,1381.9995305538177,0.0,1.0,"3_fb_binary_operator=avg,go_node2vec_context_size=10,go_node2vec_embedding_dim=32,go_node2vec_num_negative_samples=3,go_node2vec_p=0.8,go_node2vec_q=0.2,go_node2vec_walk_length=60,go_node2vec_walks_per_node=10,go_term_types=mp,iptmnet_node2vec_context_size=10,iptmnet_node2vec_embedding_dim=48,iptmnet_node2vec_num_negative_samples=1,iptmnet_node2vec_p=1.0,iptmnet_node2vec_q=0.3,iptmnet_node2vec_walk_length=90,iptmnet_node2vec_walks_per_node=10,rf_criterion=gini,rf_edge_operator=hadamard,rf_max_depth=0.7,rf_max_features=auto,rf_min_samples_leaf=6,rf_min_samples_split=21",mp,avg,hadamard,20.0,32.0,60.0,10.0,10.0,0.8,0.2,3.0,48.0,90.0,10.0,10.0,1.0,0.30000000000000004,1.0,0.7000000000000001,gini,auto,21.0,6.0
0.7627249556447859,0.7801928897247007,0.6670264436049649,0.6109738012852199,0.7344028520499108,3886.09893655777,True,,,1.0,6c45fe307a414c709feff748021ad261,2021-03-18_08-45-55,1616057155.0,3886.09893655777,1685.0,rocm-server,10.162.156.112,3886.09893655777,0.0,1.0,"4_fb_binary_operator=cat,go_node2vec_context_size=15,go_node2vec_embedding_dim=80,go_node2vec_num_negative_samples=1,go_node2vec_p=0.1,go_node2vec_q=0.7,go_node2vec_walk_length=80,go_node2vec_walks_per_node=20,go_term_types=none,iptmnet_node2vec_context_size=15,iptmnet_node2vec_embedding_dim=112,iptmnet_node2vec_num_negative_samples=2,iptmnet_node2vec_p=0.7,iptmnet_node2vec_q=0.4,iptmnet_node2vec_walk_length=60,iptmnet_node2vec_walks_per_node=10,rf_criterion=entropy,rf_edge_operator=hadamard,rf_max_depth=0.5,rf_max_features=auto,rf_min_samples_leaf=8,rf_min_samples_split=11",none,cat,hadamard,20.0,80.0,80.0,15.0,20.0,0.1,0.7000000000000001,1.0,112.0,60.0,15.0,10.0,0.7000000000000001,0.4,2.0,0.5,entropy,auto,11.0,8.0
0.571868152919625,0.5741237115192979,0.5681118218431651,0.59268413247652,0.5454959053685169,2153.332810163498,True,,,1.0,1573ecca538042458944fe54a5a48c0c,2021-03-18_08-52-36,1616057556.0,2153.332810163498,1684.0,rocm-server,10.162.156.112,2153.332810163498,0.0,1.0,"5_fb_binary_operator=cat,go_node2vec_context_size=10,go_node2vec_embedding_dim=64,go_node2vec_num_negative_samples=2,go_node2vec_p=0.8,go_node2vec_q=0.4,go_node2vec_walk_length=60,go_node2vec_walks_per_node=10,go_term_types=all,iptmnet_node2vec_context_size=15,iptmnet_node2vec_embedding_dim=48,iptmnet_node2vec_num_negative_samples=2,iptmnet_node2vec_p=0.4,iptmnet_node2vec_q=0.2,iptmnet_node2vec_walk_length=80,iptmnet_node2vec_walks_per_node=20,rf_criterion=gini,rf_edge_operator=avg,rf_max_depth=0.6,rf_max_features=sqrt,rf_min_samples_leaf=3,rf_min_samples_split=17",all,cat,avg,20.0,64.0,60.0,10.0,10.0,0.8,0.4,2.0,48.0,80.0,15.0,20.0,0.4,0.2,2.0,0.6000000000000001,gini,sqrt,17.0,3.0
0.6691576284493036,0.6553558060304294,0.635041716328963,0.6584280771131982,0.6132596685082873,2897.1606147289276,True,,,1.0,9ce9c8d318734dd9b33d7b6d745aef18,2021-03-18_09-34-15,1616060055.0,2897.1606147289276,1679.0,rocm-server,10.162.156.112,2897.1606147289276,0.0,1.0,"6_fb_binary_operator=avg,go_node2vec_context_size=20,go_node2vec_embedding_dim=96,go_node2vec_num_negative_samples=1,go_node2vec_p=0.2,go_node2vec_q=0.8,go_node2vec_walk_length=80,go_node2vec_walks_per_node=10,go_term_types=bp,iptmnet_node2vec_context_size=15,iptmnet_node2vec_embedding_dim=96,iptmnet_node2vec_num_negative_samples=3,iptmnet_node2vec_p=0.9,iptmnet_node2vec_q=0.8,iptmnet_node2vec_walk_length=70,iptmnet_node2vec_walks_per_node=10,rf_criterion=gini,rf_edge_operator=cat,rf_max_depth=0.9,rf_max_features=sqrt,rf_min_samples_leaf=5,rf_min_samples_split=37",bp,avg,cat,20.0,96.0,80.0,20.0,10.0,0.2,0.8,1.0,96.0,70.0,15.0,10.0,0.9,0.8,3.0,0.9,gini,sqrt,37.0,5.0
0.5855488134598436,0.6002438726510052,0.5428281804358844,0.5294117647058824,0.5569422776911076,2825.321117401123,True,,,1.0,ce43fe561eb74e9b847a5b486101b844,2021-03-18_09-39-44,1616060384.0,2825.321117401123,1678.0,rocm-server,10.162.156.112,2825.321117401123,0.0,1.0,"7_fb_binary_operator=avg,go_node2vec_context_size=10,go_node2vec_embedding_dim=48,go_node2vec_num_negative_samples=1,go_node2vec_p=0.4,go_node2vec_q=0.4,go_node2vec_walk_length=80,go_node2vec_walks_per_node=10,go_term_types=cc,iptmnet_node2vec_context_size=20,iptmnet_node2vec_embedding_dim=112,iptmnet_node2vec_num_negative_samples=1,iptmnet_node2vec_p=0.4,iptmnet_node2vec_q=0.5,iptmnet_node2vec_walk_length=100,iptmnet_node2vec_walks_per_node=20,rf_criterion=entropy,rf_edge_operator=avg,rf_max_depth=0.1,rf_max_features=auto,rf_min_samples_leaf=3,rf_min_samples_split=38",cc,avg,avg,20.0,48.0,80.0,10.0,10.0,0.4,0.4,1.0,112.0,100.0,20.0,20.0,0.4,0.5,1.0,0.1,entropy,auto,38.0,3.0
0.6287077012771322,0.6146312114669747,0.6080533714558017,0.6307464162135442,0.5869365225390984,3069.7394049167633,True,,,1.0,f9c5e6d82ca0489e9ccea3a01677f1de,2021-03-18_10-25-27,1616063127.0,3069.7394049167633,1682.0,rocm-server,10.162.156.112,3069.7394049167633,0.0,1.0,"8_fb_binary_operator=hadamard,go_node2vec_context_size=15,go_node2vec_embedding_dim=112,go_node2vec_num_negative_samples=1,go_node2vec_p=0.7,go_node2vec_q=0.8,go_node2vec_walk_length=80,go_node2vec_walks_per_node=10,go_term_types=mp,iptmnet_node2vec_context_size=10,iptmnet_node2vec_embedding_dim=112,iptmnet_node2vec_num_negative_samples=2,iptmnet_node2vec_p=0.3,iptmnet_node2vec_q=0.5,iptmnet_node2vec_walk_length=60,iptmnet_node2vec_walks_per_node=20,rf_criterion=entropy,rf_edge_operator=avg,rf_max_depth=0.4,rf_max_features=sqrt,rf_min_samples_leaf=6,rf_min_samples_split=8",mp,hadamard,avg,20.0,112.0,80.0,15.0,10.0,0.7000000000000001,0.8,1.0,112.0,60.0,10.0,20.0,0.30000000000000004,0.5,2.0,0.4,entropy,sqrt,8.0,6.0
0.7065325621394497,0.691186363424573,0.6650865133917989,0.6935244686109738,0.6388888888888888,3986.7960596084595,True,,,1.0,a1ca440769614358946c4d4b99757fc7,2021-03-18_10-46-13,1616064373.0,3986.7960596084595,1683.0,rocm-server,10.162.156.112,3986.7960596084595,0.0,1.0,"9_fb_binary_operator=hadamard,go_node2vec_context_size=15,go_node2vec_embedding_dim=64,go_node2vec_num_negative_samples=3,go_node2vec_p=0.6,go_node2vec_q=0.2,go_node2vec_walk_length=80,go_node2vec_walks_per_node=10,go_term_types=none,iptmnet_node2vec_context_size=15,iptmnet_node2vec_embedding_dim=80,iptmnet_node2vec_num_negative_samples=2,iptmnet_node2vec_p=0.6,iptmnet_node2vec_q=0.7,iptmnet_node2vec_walk_length=60,iptmnet_node2vec_walks_per_node=20,rf_criterion=entropy,rf_edge_operator=cat,rf_max_depth=0.9,rf_max_features=sqrt,rf_min_samples_leaf=9,rf_min_samples_split=82",none,hadamard,cat,20.0,64.0,80.0,15.0,10.0,0.6000000000000001,0.2,3.0,80.0,60.0,15.0,20.0,0.6000000000000001,0.7000000000000001,2.0,0.9,entropy,sqrt,82.0,9.0
0.6240938060548868,0.6376132709635465,0.5904761904761906,0.5976272862086011,0.5834942084942085,3594.606363773346,True,,,1.0,66a5b5cdb84f4adb8733abf8ad515fc2,2021-03-18_11-25-23,1616066723.0,3594.606363773346,1680.0,rocm-server,10.162.156.112,3594.606363773346,0.0,1.0,"10_fb_binary_operator=cat,go_node2vec_context_size=10,go_node2vec_embedding_dim=80,go_node2vec_num_negative_samples=3,go_node2vec_p=0.8,go_node2vec_q=0.8,go_node2vec_walk_length=90,go_node2vec_walks_per_node=10,go_term_types=all,iptmnet_node2vec_context_size=15,iptmnet_node2vec_embedding_dim=80,iptmnet_node2vec_num_negative_samples=1,iptmnet_node2vec_p=0.9,iptmnet_node2vec_q=0.9,iptmnet_node2vec_walk_length=50,iptmnet_node2vec_walks_per_node=20,rf_criterion=gini,rf_edge_operator=avg,rf_max_depth=0.5,rf_max_features=auto,rf_min_samples_leaf=5,rf_min_samples_split=66",all,cat,avg,20.0,80.0,90.0,10.0,10.0,0.8,0.8,3.0,80.0,50.0,15.0,20.0,0.9,0.9,1.0,0.5,gini,auto,66.0,5.0
0.6901524705139536,0.6816364098706669,0.6573525929434051,0.6861097380128522,0.6309090909090909,7169.706587791443,True,,,1.0,a6480e72609f4d3d9085fa8d9875c8be,2021-03-18_12-45-45,1616071545.0,7169.706587791443,1688.0,rocm-server,10.162.156.112,7169.706587791443,0.0,1.0,"11_fb_binary_operator=cat,go_node2vec_context_size=20,go_node2vec_embedding_dim=32,go_node2vec_num_negative_samples=3,go_node2vec_p=1.0,go_node2vec_q=0.7,go_node2vec_walk_length=100,go_node2vec_walks_per_node=20,go_term_types=bp,iptmnet_node2vec_context_size=20,iptmnet_node2vec_embedding_dim=96,iptmnet_node2vec_num_negative_samples=1,iptmnet_node2vec_p=0.4,iptmnet_node2vec_q=0.2,iptmnet_node2vec_walk_length=90,iptmnet_node2vec_walks_per_node=10,rf_criterion=entropy,rf_edge_operator=cat,rf_max_depth=0.9,rf_max_features=auto,rf_min_samples_leaf=4,rf_min_samples_split=97",bp,cat,cat,20.0,32.0,100.0,20.0,20.0,1.0,0.7000000000000001,3.0,96.0,90.0,20.0,10.0,0.4,0.2,1.0,0.9,entropy,auto,97.0,4.0
,,,,,,,,,,,,,,,,,,,,,,,,,,,,,,,,,,,,,,,,,,,
,,,,,,,,,,,,,,,,,,,,,,,,,,,,,,,,,,,,,,,,,,,
0.6136520962954691,0.6100151001713894,0.5452642595499738,0.5150766188828473,0.5792106725958867,1957.8565213680267,True,,,1.0,6abaadeeb55b493b9bef2c20b8477267,2021-03-18_11-58-35,1616068715.0,1957.8565213680267,1686.0,rocm-server,10.162.156.112,1957.8565213680267,0.0,1.0,"14_fb_binary_operator=cat,go_node2vec_context_size=15,go_node2vec_embedding_dim=96,go_node2vec_num_negative_samples=1,go_node2vec_p=0.6,go_node2vec_q=0.7,go_node2vec_walk_length=60,go_node2vec_walks_per_node=10,go_term_types=none,iptmnet_node2vec_context_size=10,iptmnet_node2vec_embedding_dim=32,iptmnet_node2vec_num_negative_samples=1,iptmnet_node2vec_p=0.8,iptmnet_node2vec_q=0.9,iptmnet_node2vec_walk_length=70,iptmnet_node2vec_walks_per_node=10,rf_criterion=entropy,rf_edge_operator=cat,rf_max_depth=0.1,rf_max_features=log2,rf_min_samples_leaf=3,rf_min_samples_split=74",none,cat,cat,20.0,96.0,60.0,15.0,10.0,0.6000000000000001,0.7000000000000001,1.0,32.0,70.0,10.0,10.0,0.8,0.9,1.0,0.1,entropy,log2,74.0,3.0
0.6996353599449142,0.6911213810404644,0.6614620298083748,0.6910528917449332,0.6343012704174229,5673.45641708374,True,,,1.0,b33f7ac55b0c4fa3be0168705f6168fc,2021-03-18_13-33-10,1616074390.0,5673.45641708374,1687.0,rocm-server,10.162.156.112,5673.45641708374,0.0,1.0,"15_fb_binary_operator=cat,go_node2vec_context_size=15,go_node2vec_embedding_dim=96,go_node2vec_num_negative_samples=3,go_node2vec_p=0.7,go_node2vec_q=0.6,go_node2vec_walk_length=80,go_node2vec_walks_per_node=10,go_term_types=all,iptmnet_node2vec_context_size=15,iptmnet_node2vec_embedding_dim=96,iptmnet_node2vec_num_negative_samples=3,iptmnet_node2vec_p=0.5,iptmnet_node2vec_q=0.4,iptmnet_node2vec_walk_length=80,iptmnet_node2vec_walks_per_node=20,rf_criterion=entropy,rf_edge_operator=cat,rf_max_depth=0.1,rf_max_features=sqrt,rf_min_samples_leaf=5,rf_min_samples_split=60",all,cat,cat,20.0,96.0,80.0,15.0,10.0,0.7000000000000001,0.6000000000000001,3.0,96.0,80.0,15.0,20.0,0.5,0.4,3.0,0.1,entropy,sqrt,60.0,5.0
0.5813908710237605,0.592302566671794,0.5784383109223873,0.606030647553139,0.5532490974729242,2809.4164776802063,True,,,1.0,593042eb245445d987a7e7ca4326c475,2021-03-18_13-32-36,1616074356.0,2809.4164776802063,43856.0,rocm-server,10.162.156.112,2809.4164776802063,0.0,1.0,"16_fb_binary_operator=avg,go_node2vec_context_size=10,go_node2vec_embedding_dim=64,go_node2vec_num_negative_samples=3,go_node2vec_p=0.7,go_node2vec_q=0.9,go_node2vec_walk_length=70,go_node2vec_walks_per_node=10,go_term_types=bp,iptmnet_node2vec_context_size=15,iptmnet_node2vec_embedding_dim=112,iptmnet_node2vec_num_negative_samples=2,iptmnet_node2vec_p=0.9,iptmnet_node2vec_q=0.8,iptmnet_node2vec_walk_length=80,iptmnet_node2vec_walks_per_node=10,rf_criterion=entropy,rf_edge_operator=avg,rf_max_depth=0.5,rf_max_features=auto,rf_min_samples_leaf=4,rf_min_samples_split=41",bp,avg,avg,20.0,64.0,70.0,10.0,10.0,0.7000000000000001,0.9,3.0,112.0,80.0,15.0,10.0,0.9,0.8,2.0,0.5,entropy,auto,41.0,4.0
0.6773139542810814,0.6661771787432778,0.6513500710563713,0.6796836381611469,0.6252842201000455,3424.476982355118,True,,,1.0,3010b338b5a84e7eb4472c687e4c092c,2021-03-18_14-29-44,1616077784.0,3424.476982355118,48018.0,rocm-server,10.162.156.112,3424.476982355118,0.0,1.0,"17_fb_binary_operator=cat,go_node2vec_context_size=15,go_node2vec_embedding_dim=96,go_node2vec_num_negative_samples=2,go_node2vec_p=0.6,go_node2vec_q=0.5,go_node2vec_walk_length=80,go_node2vec_walks_per_node=10,go_term_types=cc,iptmnet_node2vec_context_size=15,iptmnet_node2vec_embedding_dim=96,iptmnet_node2vec_num_negative_samples=3,iptmnet_node2vec_p=0.5,iptmnet_node2vec_q=0.3,iptmnet_node2vec_walk_length=60,iptmnet_node2vec_walks_per_node=10,rf_criterion=gini,rf_edge_operator=cat,rf_max_depth=0.3,rf_max_features=sqrt,rf_min_samples_leaf=7,rf_min_samples_split=40",cc,cat,cat,20.0,96.0,80.0,15.0,10.0,0.6000000000000001,0.5,2.0,96.0,60.0,15.0,10.0,0.5,0.30000000000000004,3.0,0.30000000000000004,gini,sqrt,40.0,7.0
0.76488963181446,0.7864952867240733,0.640625,0.5674740484429066,0.7354260089686099,3844.236404657364,True,,,1.0,ce52d9eeef5f4d6fb79a3365a596f875,2021-03-18_14-37-17,1616078237.0,3844.236404657364,48128.0,rocm-server,10.162.156.112,3844.236404657364,0.0,1.0,"18_fb_binary_operator=hadamard,go_node2vec_context_size=15,go_node2vec_embedding_dim=96,go_node2vec_num_negative_samples=1,go_node2vec_p=0.4,go_node2vec_q=0.1,go_node2vec_walk_length=70,go_node2vec_walks_per_node=20,go_term_types=mp,iptmnet_node2vec_context_size=10,iptmnet_node2vec_embedding_dim=80,iptmnet_node2vec_num_negative_samples=1,iptmnet_node2vec_p=0.9,iptmnet_node2vec_q=0.4,iptmnet_node2vec_walk_length=60,iptmnet_node2vec_walks_per_node=20,rf_criterion=entropy,rf_edge_operator=hadamard,rf_max_depth=0.7,rf_max_features=sqrt,rf_min_samples_leaf=8,rf_min_samples_split=59",mp,hadamard,hadamard,20.0,96.0,70.0,15.0,20.0,0.4,0.1,1.0,80.0,60.0,10.0,20.0,0.9,0.4,1.0,0.7000000000000001,entropy,sqrt,59.0,8.0
0.79315296238585,0.8088737565955402,0.6856988957716132,0.6292634700939199,0.7532544378698225,4981.183673620224,True,,,1.0,2686308297444a638d9453455c8326b2,2021-03-18_15-52-47,1616082767.0,4981.183673620224,53194.0,rocm-server,10.162.156.112,4981.183673620224,0.0,1.0,"19_fb_binary_operator=hadamard,go_node2vec_context_size=20,go_node2vec_embedding_dim=80,go_node2vec_num_negative_samples=3,go_node2vec_p=0.8,go_node2vec_q=1.0,go_node2vec_walk_length=90,go_node2vec_walks_per_node=10,go_term_types=none,iptmnet_node2vec_context_size=15,iptmnet_node2vec_embedding_dim=64,iptmnet_node2vec_num_negative_samples=2,iptmnet_node2vec_p=0.9,iptmnet_node2vec_q=0.5,iptmnet_node2vec_walk_length=50,iptmnet_node2vec_walks_per_node=10,rf_criterion=entropy,rf_edge_operator=hadamard,rf_max_depth=0.4,rf_max_features=auto,rf_min_samples_leaf=3,rf_min_samples_split=68",none,hadamard,hadamard,20.0,80.0,90.0,20.0,10.0,0.8,1.0,3.0,64.0,50.0,15.0,10.0,0.9,0.5,2.0,0.4,entropy,auto,68.0,3.0
0.665451729236372,0.6934280090694975,0.585547290116897,0.5447355412753336,0.6329695577254452,2592.1828005313873,True,,,1.0,bff421af757a4defa8aebaf9c549d518,2021-03-18_15-20-32,1616080832.0,2592.1828005313873,53910.0,rocm-server,10.162.156.112,2592.1828005313873,0.0,1.0,"20_fb_binary_operator=cat,go_node2vec_context_size=15,go_node2vec_embedding_dim=64,go_node2vec_num_negative_samples=1,go_node2vec_p=0.8,go_node2vec_q=0.4,go_node2vec_walk_length=70,go_node2vec_walks_per_node=20,go_term_types=all,iptmnet_node2vec_context_size=10,iptmnet_node2vec_embedding_dim=32,iptmnet_node2vec_num_negative_samples=2,iptmnet_node2vec_p=0.3,iptmnet_node2vec_q=0.4,iptmnet_node2vec_walk_length=70,iptmnet_node2vec_walks_per_node=10,rf_criterion=entropy,rf_edge_operator=hadamard,rf_max_depth=0.8,rf_max_features=sqrt,rf_min_samples_leaf=6,rf_min_samples_split=24",all,cat,hadamard,20.0,64.0,70.0,15.0,20.0,0.8,0.4,1.0,32.0,70.0,10.0,10.0,0.30000000000000004,0.4,2.0,0.8,entropy,sqrt,24.0,6.0
0.70876455609722,0.7248777972121196,0.6217948717948718,0.5753830944142363,0.6763509587449158,1924.8544855117798,True,,,1.0,8fcd770e39434e419341054cdc9885a8,2021-03-18_15-52-39,1616082759.0,1924.8544855117798,57754.0,rocm-server,10.162.156.112,1924.8544855117798,0.0,1.0,"21_fb_binary_operator=hadamard,go_node2vec_context_size=15,go_node2vec_embedding_dim=80,go_node2vec_num_negative_samples=1,go_node2vec_p=0.2,go_node2vec_q=0.9,go_node2vec_walk_length=60,go_node2vec_walks_per_node=10,go_term_types=bp,iptmnet_node2vec_context_size=15,iptmnet_node2vec_embedding_dim=64,iptmnet_node2vec_num_negative_samples=3,iptmnet_node2vec_p=1.0,iptmnet_node2vec_q=0.7,iptmnet_node2vec_walk_length=90,iptmnet_node2vec_walks_per_node=10,rf_criterion=entropy,rf_edge_operator=hadamard,rf_max_depth=0.9,rf_max_features=auto,rf_min_samples_leaf=7,rf_min_samples_split=17",bp,hadamard,hadamard,20.0,80.0,60.0,15.0,10.0,0.2,0.9,1.0,64.0,90.0,15.0,10.0,1.0,0.7000000000000001,3.0,0.9,entropy,auto,17.0,7.0
0.7937944972411924,0.8028903408106162,0.6857299972504812,0.6164112703905091,0.7726146220570013,2458.7732796669006,True,,,1.0,dfdbb231eda3420b9008e8280163a02f,2021-03-18_16-33-40,1616085220.0,2458.7732796669006,60792.0,rocm-server,10.162.156.112,2458.7732796669006,0.0,1.0,"22_fb_binary_operator=avg,go_node2vec_context_size=15,go_node2vec_embedding_dim=32,go_node2vec_num_negative_samples=3,go_node2vec_p=0.6,go_node2vec_q=0.2,go_node2vec_walk_length=60,go_node2vec_walks_per_node=10,go_term_types=cc,iptmnet_node2vec_context_size=15,iptmnet_node2vec_embedding_dim=128,iptmnet_node2vec_num_negative_samples=2,iptmnet_node2vec_p=0.1,iptmnet_node2vec_q=0.1,iptmnet_node2vec_walk_length=80,iptmnet_node2vec_walks_per_node=10,rf_criterion=gini,rf_edge_operator=hadamard,rf_max_depth=0.2,rf_max_features=log2,rf_min_samples_leaf=4,rf_min_samples_split=86",cc,avg,hadamard,20.0,32.0,60.0,15.0,10.0,0.6000000000000001,0.2,3.0,128.0,80.0,15.0,10.0,0.1,0.1,2.0,0.2,gini,log2,86.0,4.0
0.6229379193159046,0.6223333012722273,0.6066441983630235,0.6228373702422145,0.5912717034256217,3182.614264011383,True,,,1.0,7ea0d89d3619493c9450e1ce8a618066,2021-03-18_16-45-52,1616085952.0,3182.614264011383,60825.0,rocm-server,10.162.156.112,3182.614264011383,0.0,1.0,"23_fb_binary_operator=avg,go_node2vec_context_size=15,go_node2vec_embedding_dim=96,go_node2vec_num_negative_samples=2,go_node2vec_p=0.4,go_node2vec_q=0.7,go_node2vec_walk_length=60,go_node2vec_walks_per_node=10,go_term_types=mp,iptmnet_node2vec_context_size=10,iptmnet_node2vec_embedding_dim=128,iptmnet_node2vec_num_negative_samples=2,iptmnet_node2vec_p=0.9,iptmnet_node2vec_q=0.3,iptmnet_node2vec_walk_length=60,iptmnet_node2vec_walks_per_node=20,rf_criterion=gini,rf_edge_operator=avg,rf_max_depth=0.6,rf_max_features=log2,rf_min_samples_leaf=7,rf_min_samples_split=17",mp,avg,avg,20.0,96.0,60.0,15.0,10.0,0.4,0.7000000000000001,2.0,128.0,60.0,10.0,20.0,0.9,0.30000000000000004,2.0,0.6000000000000001,gini,log2,17.0,7.0
0.599688725480015,0.6026924781327488,0.5657015590200445,0.565002471576866,0.566402378592666,4372.3600335121155,True,,,1.0,b115aaade73d41689367973ce339fb74,2021-03-18_17-46-35,1616089595.0,4372.3600335121155,64937.0,rocm-server,10.162.156.112,4372.3600335121155,0.0,1.0,"24_fb_binary_operator=hadamard,go_node2vec_context_size=20,go_node2vec_embedding_dim=32,go_node2vec_num_negative_samples=3,go_node2vec_p=0.3,go_node2vec_q=0.4,go_node2vec_walk_length=70,go_node2vec_walks_per_node=20,go_term_types=none,iptmnet_node2vec_context_size=10,iptmnet_node2vec_embedding_dim=48,iptmnet_node2vec_num_negative_samples=1,iptmnet_node2vec_p=0.6,iptmnet_node2vec_q=0.6,iptmnet_node2vec_walk_length=50,iptmnet_node2vec_walks_per_node=20,rf_criterion=entropy,rf_edge_operator=avg,rf_max_depth=0.4,rf_max_features=sqrt,rf_min_samples_leaf=7,rf_min_samples_split=73",none,hadamard,avg,20.0,32.0,70.0,20.0,20.0,0.30000000000000004,0.4,3.0,48.0,50.0,10.0,20.0,0.6000000000000001,0.6000000000000001,1.0,0.4,entropy,sqrt,73.0,7.0
0.7866778708226625,0.8012597709630171,0.6769397134360637,0.6188828472565496,0.747016706443914,4207.101501941681,True,,,1.0,ff50390e7f324a5b94c8f4b9a411ae89,2021-03-18_17-56-02,1616090162.0,4207.101501941681,66481.0,rocm-server,10.162.156.112,4207.101501941681,0.0,1.0,"25_fb_binary_operator=cat,go_node2vec_context_size=15,go_node2vec_embedding_dim=112,go_node2vec_num_negative_samples=2,go_node2vec_p=0.8,go_node2vec_q=0.5,go_node2vec_walk_length=60,go_node2vec_walks_per_node=10,go_term_types=all,iptmnet_node2vec_context_size=15,iptmnet_node2vec_embedding_dim=112,iptmnet_node2vec_num_negative_samples=2,iptmnet_node2vec_p=0.7,iptmnet_node2vec_q=0.5,iptmnet_node2vec_walk_length=80,iptmnet_node2vec_walks_per_node=20,rf_criterion=gini,rf_edge_operator=hadamard,rf_max_depth=0.2,rf_max_features=sqrt,rf_min_samples_leaf=4,rf_min_samples_split=39",all,cat,hadamard,20.0,112.0,60.0,15.0,10.0,0.8,0.5,2.0,112.0,80.0,15.0,20.0,0.7000000000000001,0.5,2.0,0.2,gini,sqrt,39.0,4.0
0.6104733772198071,0.6178267270652599,0.6033804121324381,0.6440929312901631,0.5675087108013938,6176.474487781525,True,,,1.0,31f7d9e7286045aead36b4f7956d7826,2021-03-18_19-29-34,1616095774.0,6176.474487781525,71849.0,rocm-server,10.162.156.112,6176.474487781525,0.0,1.0,"26_fb_binary_operator=avg,go_node2vec_context_size=15,go_node2vec_embedding_dim=112,go_node2vec_num_negative_samples=3,go_node2vec_p=0.2,go_node2vec_q=0.4,go_node2vec_walk_length=90,go_node2vec_walks_per_node=10,go_term_types=bp,iptmnet_node2vec_context_size=10,iptmnet_node2vec_embedding_dim=128,iptmnet_node2vec_num_negative_samples=1,iptmnet_node2vec_p=0.9,iptmnet_node2vec_q=0.9,iptmnet_node2vec_walk_length=70,iptmnet_node2vec_walks_per_node=20,rf_criterion=gini,rf_edge_operator=avg,rf_max_depth=0.9,rf_max_features=sqrt,rf_min_samples_leaf=2,rf_min_samples_split=36",bp,avg,avg,20.0,112.0,90.0,15.0,10.0,0.2,0.4,3.0,128.0,70.0,10.0,20.0,0.9,0.9,1.0,0.9,gini,sqrt,36.0,2.0
0.6857544564742242,0.6707685371486873,0.6521327014218009,0.680177953534355,0.6263086026399636,2388.666788339615,True,,,1.0,1dd095af1fa7404597d3eb3b64d92d10,2021-03-18_18-35-53,1616092553.0,2388.666788339615,73286.0,rocm-server,10.162.156.112,2388.666788339615,0.0,1.0,"27_fb_binary_operator=avg,go_node2vec_context_size=10,go_node2vec_embedding_dim=128,go_node2vec_num_negative_samples=1,go_node2vec_p=0.9,go_node2vec_q=0.6,go_node2vec_walk_length=50,go_node2vec_walks_per_node=10,go_term_types=cc,iptmnet_node2vec_context_size=15,iptmnet_node2vec_embedding_dim=128,iptmnet_node2vec_num_negative_samples=2,iptmnet_node2vec_p=0.1,iptmnet_node2vec_q=0.7,iptmnet_node2vec_walk_length=60,iptmnet_node2vec_walks_per_node=20,rf_criterion=entropy,rf_edge_operator=cat,rf_max_depth=0.2,rf_max_features=sqrt,rf_min_samples_leaf=9,rf_min_samples_split=39",cc,avg,cat,20.0,128.0,50.0,10.0,10.0,0.9,0.6000000000000001,1.0,128.0,60.0,15.0,20.0,0.1,0.7000000000000001,2.0,0.2,entropy,sqrt,39.0,9.0
0.8026574765872153,0.8148855048572691,0.6863488624052004,0.6262975778546713,0.7591372079089275,4768.966938972473,True,,,1.0,da6c712b9c614f898db077d36f10a5f9,2021-03-18_19-55-25,1616097325.0,4768.966938972473,80860.0,rocm-server,10.162.156.112,4768.966938972473,0.0,1.0,"28_fb_binary_operator=hadamard,go_node2vec_context_size=20,go_node2vec_embedding_dim=80,go_node2vec_num_negative_samples=2,go_node2vec_p=1.0,go_node2vec_q=0.7,go_node2vec_walk_length=90,go_node2vec_walks_per_node=10,go_term_types=mp,iptmnet_node2vec_context_size=20,iptmnet_node2vec_embedding_dim=96,iptmnet_node2vec_num_negative_samples=2,iptmnet_node2vec_p=1.0,iptmnet_node2vec_q=0.7,iptmnet_node2vec_walk_length=60,iptmnet_node2vec_walks_per_node=20,rf_criterion=entropy,rf_edge_operator=hadamard,rf_max_depth=0.8,rf_max_features=log2,rf_min_samples_leaf=9,rf_min_samples_split=52",mp,hadamard,hadamard,20.0,80.0,90.0,20.0,10.0,1.0,0.7000000000000001,2.0,96.0,60.0,20.0,20.0,1.0,0.7000000000000001,2.0,0.8,entropy,log2,52.0,9.0
0.6851430985583731,0.6712542625328985,0.648959081119885,0.6702916460701928,0.6289424860853432,1914.2881467342377,True,,,1.0,0a86b145672b4bb398c5420f65aff1d9,2021-03-18_20-01-31,1616097691.0,1914.2881467342377,85971.0,rocm-server,10.162.156.112,1914.2881467342377,0.0,1.0,"29_fb_binary_operator=hadamard,go_node2vec_context_size=15,go_node2vec_embedding_dim=64,go_node2vec_num_negative_samples=1,go_node2vec_p=0.9,go_node2vec_q=0.3,go_node2vec_walk_length=70,go_node2vec_walks_per_node=10,go_term_types=none,iptmnet_node2vec_context_size=10,iptmnet_node2vec_embedding_dim=112,iptmnet_node2vec_num_negative_samples=1,iptmnet_node2vec_p=0.6,iptmnet_node2vec_q=0.7,iptmnet_node2vec_walk_length=60,iptmnet_node2vec_walks_per_node=20,rf_criterion=entropy,rf_edge_operator=cat,rf_max_depth=1.0,rf_max_features=sqrt,rf_min_samples_leaf=6,rf_min_samples_split=99",none,hadamard,cat,20.0,64.0,70.0,15.0,10.0,0.9,0.30000000000000004,1.0,112.0,60.0,10.0,20.0,0.6000000000000001,0.7000000000000001,1.0,1.0,entropy,sqrt,99.0,6.0
0.5769035479039977,0.588114478784362,0.5724365004703669,0.601581809194266,0.5459847465231046,5856.816881418228,True,,,1.0,da82e921827a4cdc9a7b502f2442ee64,2021-03-18_21-33-04,1616103184.0,5856.816881418228,91321.0,rocm-server,10.162.156.112,5856.816881418228,0.0,1.0,"30_fb_binary_operator=hadamard,go_node2vec_context_size=15,go_node2vec_embedding_dim=112,go_node2vec_num_negative_samples=3,go_node2vec_p=0.6,go_node2vec_q=0.4,go_node2vec_walk_length=50,go_node2vec_walks_per_node=20,go_term_types=all,iptmnet_node2vec_context_size=10,iptmnet_node2vec_embedding_dim=80,iptmnet_node2vec_num_negative_samples=1,iptmnet_node2vec_p=0.8,iptmnet_node2vec_q=0.3,iptmnet_node2vec_walk_length=70,iptmnet_node2vec_walks_per_node=10,rf_criterion=entropy,rf_edge_operator=avg,rf_max_depth=0.6,rf_max_features=log2,rf_min_samples_leaf=2,rf_min_samples_split=91",all,hadamard,avg,20.0,112.0,50.0,15.0,20.0,0.6000000000000001,0.4,3.0,80.0,70.0,10.0,10.0,0.8,0.30000000000000004,1.0,0.6000000000000001,entropy,log2,91.0,2.0
0.7862270493379522,0.8017732678532437,0.6759486759486759,0.6119624320316361,0.7548780487804878,3842.834392786026,True,,,1.0,1e7559ecc23d457f98c2132d67e89d97,2021-03-18_21-05-37,1616101537.0,3842.834392786026,92969.0,rocm-server,10.162.156.112,3842.834392786026,0.0,1.0,"31_fb_binary_operator=cat,go_node2vec_context_size=15,go_node2vec_embedding_dim=64,go_node2vec_num_negative_samples=2,go_node2vec_p=0.9,go_node2vec_q=0.4,go_node2vec_walk_length=80,go_node2vec_walks_per_node=10,go_term_types=bp,iptmnet_node2vec_context_size=15,iptmnet_node2vec_embedding_dim=112,iptmnet_node2vec_num_negative_samples=3,iptmnet_node2vec_p=0.9,iptmnet_node2vec_q=0.3,iptmnet_node2vec_walk_length=80,iptmnet_node2vec_walks_per_node=20,rf_criterion=entropy,rf_edge_operator=hadamard,rf_max_depth=0.5,rf_max_features=sqrt,rf_min_samples_leaf=9,rf_min_samples_split=62",bp,cat,hadamard,20.0,64.0,80.0,15.0,10.0,0.9,0.4,2.0,112.0,80.0,15.0,20.0,0.9,0.30000000000000004,3.0,0.5,entropy,sqrt,62.0,9.0
0.6320495224346608,0.625845868609963,0.6127358490566037,0.6421156697973307,0.5859269282814614,4514.760112524033,True,,,1.0,f660749371434f44a675b651d12e003c,2021-03-18_22-20-54,1616106054.0,4514.760112524033,109483.0,rocm-server,10.162.156.112,4514.760112524033,0.0,1.0,"32_fb_binary_operator=hadamard,go_node2vec_context_size=15,go_node2vec_embedding_dim=112,go_node2vec_num_negative_samples=2,go_node2vec_p=0.4,go_node2vec_q=0.1,go_node2vec_walk_length=90,go_node2vec_walks_per_node=10,go_term_types=cc,iptmnet_node2vec_context_size=10,iptmnet_node2vec_embedding_dim=128,iptmnet_node2vec_num_negative_samples=2,iptmnet_node2vec_p=0.9,iptmnet_node2vec_q=0.5,iptmnet_node2vec_walk_length=100,iptmnet_node2vec_walks_per_node=10,rf_criterion=entropy,rf_edge_operator=cat,rf_max_depth=0.3,rf_max_features=auto,rf_min_samples_leaf=6,rf_min_samples_split=45",cc,hadamard,cat,20.0,112.0,90.0,15.0,10.0,0.4,0.1,2.0,128.0,100.0,10.0,10.0,0.9,0.5,2.0,0.30000000000000004,entropy,auto,45.0,6.0
0.7622049837643179,0.7743495716173057,0.6463815789473685,0.5827978250123579,0.7255384615384616,3629.8710482120514,True,,,1.0,90fd7a3ce7bd4f0f8f3c4ef50d5a916a,2021-03-18_22-33-37,1616106817.0,3629.8710482120514,116607.0,rocm-server,10.162.156.112,3629.8710482120514,0.0,1.0,"33_fb_binary_operator=avg,go_node2vec_context_size=10,go_node2vec_embedding_dim=80,go_node2vec_num_negative_samples=2,go_node2vec_p=0.6,go_node2vec_q=0.9,go_node2vec_walk_length=60,go_node2vec_walks_per_node=20,go_term_types=mp,iptmnet_node2vec_context_size=10,iptmnet_node2vec_embedding_dim=64,iptmnet_node2vec_num_negative_samples=3,iptmnet_node2vec_p=0.4,iptmnet_node2vec_q=0.6,iptmnet_node2vec_walk_length=70,iptmnet_node2vec_walks_per_node=20,rf_criterion=entropy,rf_edge_operator=hadamard,rf_max_depth=0.4,rf_max_features=log2,rf_min_samples_leaf=3,rf_min_samples_split=95",mp,avg,hadamard,20.0,80.0,60.0,10.0,20.0,0.6000000000000001,0.9,2.0,64.0,70.0,10.0,20.0,0.4,0.6000000000000001,3.0,0.4,entropy,log2,95.0,3.0
0.6983563219710844,0.7211810908527444,0.6070853462157809,0.5590706870983687,0.6641221374045801,3289.5052688121796,True,,,1.0,a9328eebe3af408c9bd39b37bbcf9999,2021-03-18_23-15-46,1616109346.0,3289.5052688121796,128958.0,rocm-server,10.162.156.112,3289.5052688121796,0.0,1.0,"34_fb_binary_operator=hadamard,go_node2vec_context_size=10,go_node2vec_embedding_dim=128,go_node2vec_num_negative_samples=1,go_node2vec_p=0.7,go_node2vec_q=0.8,go_node2vec_walk_length=60,go_node2vec_walks_per_node=20,go_term_types=none,iptmnet_node2vec_context_size=15,iptmnet_node2vec_embedding_dim=32,iptmnet_node2vec_num_negative_samples=2,iptmnet_node2vec_p=0.7,iptmnet_node2vec_q=0.8,iptmnet_node2vec_walk_length=80,iptmnet_node2vec_walks_per_node=10,rf_criterion=entropy,rf_edge_operator=hadamard,rf_max_depth=0.3,rf_max_features=auto,rf_min_samples_leaf=9,rf_min_samples_split=65",none,hadamard,hadamard,20.0,128.0,60.0,10.0,20.0,0.7000000000000001,0.8,1.0,32.0,80.0,15.0,10.0,0.7000000000000001,0.8,2.0,0.30000000000000004,entropy,auto,65.0,9.0
0.6070793878308498,0.5963022903749917,0.5989050226136634,0.6218487394957983,0.5775941230486685,1702.2859449386597,True,,,1.0,f2b0b01c72054320a95166eeea5d08f9,2021-03-18_23-02-01,1616108521.0,1702.2859449386597,132289.0,rocm-server,10.162.156.112,1702.2859449386597,0.0,1.0,"35_fb_binary_operator=cat,go_node2vec_context_size=10,go_node2vec_embedding_dim=48,go_node2vec_num_negative_samples=1,go_node2vec_p=0.6,go_node2vec_q=0.4,go_node2vec_walk_length=60,go_node2vec_walks_per_node=20,go_term_types=all,iptmnet_node2vec_context_size=10,iptmnet_node2vec_embedding_dim=112,iptmnet_node2vec_num_negative_samples=2,iptmnet_node2vec_p=0.1,iptmnet_node2vec_q=0.4,iptmnet_node2vec_walk_length=90,iptmnet_node2vec_walks_per_node=10,rf_criterion=entropy,rf_edge_operator=cat,rf_max_depth=0.4,rf_max_features=log2,rf_min_samples_leaf=6,rf_min_samples_split=97",all,cat,cat,20.0,48.0,60.0,10.0,20.0,0.6000000000000001,0.4,1.0,112.0,90.0,10.0,10.0,0.1,0.4,2.0,0.4,entropy,log2,97.0,6.0
0.5717980251331145,0.5671955574162033,0.5832754227472782,0.6223430548690064,0.548823016564952,4697.569494962692,True,,,1.0,d496b17df3c24ee0b4bc694108314b99,2021-03-19_00-20-21,1616113221.0,4697.569494962692,139556.0,rocm-server,10.162.156.112,4697.569494962692,0.0,1.0,"36_fb_binary_operator=avg,go_node2vec_context_size=10,go_node2vec_embedding_dim=64,go_node2vec_num_negative_samples=3,go_node2vec_p=0.7,go_node2vec_q=0.9,go_node2vec_walk_length=80,go_node2vec_walks_per_node=20,go_term_types=bp,iptmnet_node2vec_context_size=10,iptmnet_node2vec_embedding_dim=64,iptmnet_node2vec_num_negative_samples=1,iptmnet_node2vec_p=0.6,iptmnet_node2vec_q=0.5,iptmnet_node2vec_walk_length=100,iptmnet_node2vec_walks_per_node=10,rf_criterion=entropy,rf_edge_operator=avg,rf_max_depth=0.3,rf_max_features=sqrt,rf_min_samples_leaf=5,rf_min_samples_split=10",bp,avg,avg,20.0,64.0,80.0,10.0,20.0,0.7000000000000001,0.9,3.0,64.0,100.0,10.0,10.0,0.6000000000000001,0.5,1.0,0.30000000000000004,entropy,sqrt,10.0,5.0
0.7725390583670879,0.7835636901597433,0.6663040522164808,0.6055363321799307,0.7406287787182587,4919.675972223282,True,,,1.0,d906bd044aec49d79b02ca7edbbb56c4,2021-03-19_00-37-48,1616114268.0,4919.675972223282,142858.0,rocm-server,10.162.156.112,4919.675972223282,0.0,1.0,"37_fb_binary_operator=hadamard,go_node2vec_context_size=20,go_node2vec_embedding_dim=112,go_node2vec_num_negative_samples=3,go_node2vec_p=0.9,go_node2vec_q=0.7,go_node2vec_walk_length=60,go_node2vec_walks_per_node=10,go_term_types=cc,iptmnet_node2vec_context_size=15,iptmnet_node2vec_embedding_dim=96,iptmnet_node2vec_num_negative_samples=1,iptmnet_node2vec_p=0.8,iptmnet_node2vec_q=0.8,iptmnet_node2vec_walk_length=60,iptmnet_node2vec_walks_per_node=10,rf_criterion=entropy,rf_edge_operator=hadamard,rf_max_depth=0.5,rf_max_features=auto,rf_min_samples_leaf=9,rf_min_samples_split=28",cc,hadamard,hadamard,20.0,112.0,60.0,20.0,10.0,0.9,0.7000000000000001,3.0,96.0,60.0,15.0,10.0,0.8,0.8,1.0,0.5,entropy,auto,28.0,9.0
0.7036198155223823,0.7165572592143775,0.6056338028169014,0.5526445872466633,0.6698621929298981,2462.438329219818,True,,,1.0,c6feded9302b4ea2acc8d1e3165d92c0,2021-03-19_01-01-26,1616115686.0,2462.438329219818,155214.0,rocm-server,10.162.156.112,2462.438329219818,0.0,1.0,"38_fb_binary_operator=avg,go_node2vec_context_size=10,go_node2vec_embedding_dim=32,go_node2vec_num_negative_samples=2,go_node2vec_p=0.5,go_node2vec_q=0.3,go_node2vec_walk_length=90,go_node2vec_walks_per_node=20,go_term_types=mp,iptmnet_node2vec_context_size=10,iptmnet_node2vec_embedding_dim=48,iptmnet_node2vec_num_negative_samples=2,iptmnet_node2vec_p=0.3,iptmnet_node2vec_q=0.1,iptmnet_node2vec_walk_length=90,iptmnet_node2vec_walks_per_node=10,rf_criterion=entropy,rf_edge_operator=hadamard,rf_max_depth=0.6,rf_max_features=sqrt,rf_min_samples_leaf=2,rf_min_samples_split=37",mp,avg,hadamard,20.0,32.0,90.0,10.0,20.0,0.5,0.30000000000000004,2.0,48.0,90.0,10.0,10.0,0.30000000000000004,0.1,2.0,0.6000000000000001,entropy,sqrt,37.0,2.0
0.7568854124185803,0.7723565787675961,0.6645264847512039,0.6139396935244686,0.724198250728863,4640.960570812225,True,,,1.0,174337b19b3b4a0db1dcd429157fe201,2021-03-19_01-55-12,1616118912.0,4640.960570812225,156795.0,rocm-server,10.162.156.112,4640.960570812225,0.0,1.0,"39_fb_binary_operator=cat,go_node2vec_context_size=15,go_node2vec_embedding_dim=112,go_node2vec_num_negative_samples=2,go_node2vec_p=0.5,go_node2vec_q=1.0,go_node2vec_walk_length=100,go_node2vec_walks_per_node=10,go_term_types=none,iptmnet_node2vec_context_size=10,iptmnet_node2vec_embedding_dim=96,iptmnet_node2vec_num_negative_samples=2,iptmnet_node2vec_p=0.3,iptmnet_node2vec_q=0.8,iptmnet_node2vec_walk_length=70,iptmnet_node2vec_walks_per_node=10,rf_criterion=entropy,rf_edge_operator=hadamard,rf_max_depth=0.2,rf_max_features=sqrt,rf_min_samples_leaf=4,rf_min_samples_split=23",none,cat,hadamard,20.0,112.0,100.0,15.0,10.0,0.5,1.0,2.0,96.0,70.0,10.0,10.0,0.30000000000000004,0.8,2.0,0.2,entropy,sqrt,23.0,4.0
0.7245375658914085,0.739425832776659,0.6258578094976668,0.5635195254572417,0.7037037037037037,2329.2091443538666,True,,,1.0,b3666d422ca44817bc95a8689ba78664,2021-03-19_01-40-18,1616118018.0,2329.2091443538666,158987.0,rocm-server,10.162.156.112,2329.2091443538666,0.0,1.0,"40_fb_binary_operator=cat,go_node2vec_context_size=10,go_node2vec_embedding_dim=80,go_node2vec_num_negative_samples=2,go_node2vec_p=0.3,go_node2vec_q=0.9,go_node2vec_walk_length=80,go_node2vec_walks_per_node=10,go_term_types=all,iptmnet_node2vec_context_size=10,iptmnet_node2vec_embedding_dim=64,iptmnet_node2vec_num_negative_samples=2,iptmnet_node2vec_p=0.9,iptmnet_node2vec_q=0.8,iptmnet_node2vec_walk_length=80,iptmnet_node2vec_walks_per_node=10,rf_criterion=entropy,rf_edge_operator=hadamard,rf_max_depth=0.6,rf_max_features=log2,rf_min_samples_leaf=6,rf_min_samples_split=33",all,cat,hadamard,20.0,80.0,80.0,10.0,10.0,0.30000000000000004,0.9,2.0,64.0,80.0,10.0,10.0,0.9,0.8,2.0,0.6000000000000001,entropy,log2,33.0,6.0
0.6183315988719933,0.5875927268396638,0.6204157907031067,0.6564508156203658,0.5881310894596988,4288.769278287888,True,,,1.0,cf1735958ed44762956e650b5f12059c,2021-03-19_02-51-49,1616122309.0,4288.769278287888,162417.0,rocm-server,10.162.156.112,4288.769278287888,0.0,1.0,"41_fb_binary_operator=avg,go_node2vec_context_size=20,go_node2vec_embedding_dim=48,go_node2vec_num_negative_samples=2,go_node2vec_p=0.9,go_node2vec_q=0.9,go_node2vec_walk_length=70,go_node2vec_walks_per_node=20,go_term_types=bp,iptmnet_node2vec_context_size=15,iptmnet_node2vec_embedding_dim=48,iptmnet_node2vec_num_negative_samples=1,iptmnet_node2vec_p=0.7,iptmnet_node2vec_q=0.1,iptmnet_node2vec_walk_length=70,iptmnet_node2vec_walks_per_node=10,rf_criterion=entropy,rf_edge_operator=cat,rf_max_depth=0.7,rf_max_features=log2,rf_min_samples_leaf=3,rf_min_samples_split=6",bp,avg,cat,20.0,48.0,70.0,20.0,20.0,0.9,0.9,2.0,48.0,70.0,15.0,10.0,0.7000000000000001,0.1,1.0,0.7000000000000001,entropy,log2,6.0,3.0
0.5927199294128398,0.6175584317330342,0.5595880333496812,0.5640138408304498,0.5552311435523114,2067.560099363327,True,,,1.0,7676275a528d4023a59866db4a0150d7,2021-03-19_02-29-42,1616120982.0,2067.560099363327,163785.0,rocm-server,10.162.156.112,2067.560099363327,0.0,1.0,"42_fb_binary_operator=hadamard,go_node2vec_context_size=15,go_node2vec_embedding_dim=64,go_node2vec_num_negative_samples=1,go_node2vec_p=0.4,go_node2vec_q=0.1,go_node2vec_walk_length=70,go_node2vec_walks_per_node=10,go_term_types=cc,iptmnet_node2vec_context_size=20,iptmnet_node2vec_embedding_dim=112,iptmnet_node2vec_num_negative_samples=2,iptmnet_node2vec_p=0.2,iptmnet_node2vec_q=0.5,iptmnet_node2vec_walk_length=80,iptmnet_node2vec_walks_per_node=10,rf_criterion=entropy,rf_edge_operator=avg,rf_max_depth=0.3,rf_max_features=auto,rf_min_samples_leaf=2,rf_min_samples_split=93",cc,hadamard,avg,20.0,64.0,70.0,15.0,10.0,0.4,0.1,1.0,112.0,80.0,20.0,10.0,0.2,0.5,2.0,0.30000000000000004,entropy,auto,93.0,2.0
0.655317286694853,0.628056702621187,0.6352216164968002,0.6623826000988631,0.6102003642987249,4252.3411157131195,True,,,1.0,fb65b81fae35447f9093cfa5e90fb606,2021-03-19_03-40-37,1616125237.0,4252.3411157131195,166850.0,rocm-server,10.162.156.112,4252.3411157131195,0.0,1.0,"43_fb_binary_operator=cat,go_node2vec_context_size=20,go_node2vec_embedding_dim=80,go_node2vec_num_negative_samples=2,go_node2vec_p=0.4,go_node2vec_q=0.6,go_node2vec_walk_length=90,go_node2vec_walks_per_node=10,go_term_types=mp,iptmnet_node2vec_context_size=15,iptmnet_node2vec_embedding_dim=128,iptmnet_node2vec_num_negative_samples=2,iptmnet_node2vec_p=0.7,iptmnet_node2vec_q=0.2,iptmnet_node2vec_walk_length=60,iptmnet_node2vec_walks_per_node=10,rf_criterion=entropy,rf_edge_operator=cat,rf_max_depth=0.8,rf_max_features=log2,rf_min_samples_leaf=5,rf_min_samples_split=10",mp,cat,cat,20.0,80.0,90.0,20.0,10.0,0.4,0.6000000000000001,2.0,128.0,60.0,15.0,10.0,0.7000000000000001,0.2,2.0,0.8,entropy,log2,10.0,5.0
0.6540022074370151,0.6448784059395971,0.6366847186249117,0.6683143845773604,0.6079136690647482,4623.497888088226,True,,,1.0,47531543770d42a286a65ae896f5ff97,2021-03-19_04-08-55,1616126935.0,4623.497888088226,168833.0,rocm-server,10.162.156.112,4623.497888088226,0.0,1.0,"44_fb_binary_operator=hadamard,go_node2vec_context_size=15,go_node2vec_embedding_dim=80,go_node2vec_num_negative_samples=3,go_node2vec_p=0.6,go_node2vec_q=0.9,go_node2vec_walk_length=90,go_node2vec_walks_per_node=10,go_term_types=none,iptmnet_node2vec_context_size=10,iptmnet_node2vec_embedding_dim=48,iptmnet_node2vec_num_negative_samples=3,iptmnet_node2vec_p=0.4,iptmnet_node2vec_q=0.8,iptmnet_node2vec_walk_length=70,iptmnet_node2vec_walks_per_node=20,rf_criterion=gini,rf_edge_operator=cat,rf_max_depth=0.4,rf_max_features=log2,rf_min_samples_leaf=8,rf_min_samples_split=7",none,hadamard,cat,20.0,80.0,90.0,15.0,10.0,0.6000000000000001,0.9,3.0,48.0,70.0,10.0,20.0,0.4,0.8,3.0,0.4,gini,log2,7.0,8.0
0.7685840466860466,0.7837348572738715,0.6686279753944905,0.6178942165101334,0.7284382284382285,4036.878722190857,True,,,1.0,27dce19b2b9844b0b286e1f14153757e,2021-03-19_04-47-56,1616129276.0,4036.878722190857,173792.0,rocm-server,10.162.156.112,4036.878722190857,0.0,1.0,"45_fb_binary_operator=cat,go_node2vec_context_size=10,go_node2vec_embedding_dim=112,go_node2vec_num_negative_samples=3,go_node2vec_p=1.0,go_node2vec_q=0.1,go_node2vec_walk_length=90,go_node2vec_walks_per_node=10,go_term_types=all,iptmnet_node2vec_context_size=15,iptmnet_node2vec_embedding_dim=80,iptmnet_node2vec_num_negative_samples=3,iptmnet_node2vec_p=0.5,iptmnet_node2vec_q=0.5,iptmnet_node2vec_walk_length=60,iptmnet_node2vec_walks_per_node=10,rf_criterion=gini,rf_edge_operator=hadamard,rf_max_depth=0.2,rf_max_features=auto,rf_min_samples_leaf=9,rf_min_samples_split=20",all,cat,hadamard,20.0,112.0,90.0,10.0,10.0,1.0,0.1,3.0,80.0,60.0,15.0,10.0,0.5,0.5,3.0,0.2,gini,auto,20.0,9.0
0.7145338493630711,0.737038428153211,0.6144708423326134,0.5625308947108255,0.6769779892920881,3283.3121473789215,True,,,1.0,552227e4845a4017abe90430441fecf1,2021-03-19_05-03-41,1616130221.0,3283.3121473789215,176315.0,rocm-server,10.162.156.112,3283.3121473789215,0.0,1.0,"46_fb_binary_operator=avg,go_node2vec_context_size=10,go_node2vec_embedding_dim=96,go_node2vec_num_negative_samples=3,go_node2vec_p=0.3,go_node2vec_q=0.4,go_node2vec_walk_length=80,go_node2vec_walks_per_node=10,go_term_types=bp,iptmnet_node2vec_context_size=15,iptmnet_node2vec_embedding_dim=32,iptmnet_node2vec_num_negative_samples=1,iptmnet_node2vec_p=0.9,iptmnet_node2vec_q=1.0,iptmnet_node2vec_walk_length=80,iptmnet_node2vec_walks_per_node=10,rf_criterion=entropy,rf_edge_operator=hadamard,rf_max_depth=0.3,rf_max_features=sqrt,rf_min_samples_leaf=8,rf_min_samples_split=91",bp,avg,hadamard,20.0,96.0,80.0,10.0,10.0,0.30000000000000004,0.4,3.0,32.0,80.0,15.0,10.0,0.9,1.0,1.0,0.30000000000000004,entropy,sqrt,91.0,8.0
0.7003710908340539,0.6883871644804984,0.653883029721956,0.6742461690558577,0.6347138203815729,4917.0772356987,True,,,1.0,4cc9cef87fb747768cf7182239c5e8d1,2021-03-19_06-09-56,1616134196.0,4917.0772356987,179760.0,rocm-server,10.162.156.112,4917.0772356987,0.0,1.0,"47_fb_binary_operator=hadamard,go_node2vec_context_size=15,go_node2vec_embedding_dim=128,go_node2vec_num_negative_samples=2,go_node2vec_p=0.2,go_node2vec_q=0.8,go_node2vec_walk_length=90,go_node2vec_walks_per_node=10,go_term_types=cc,iptmnet_node2vec_context_size=15,iptmnet_node2vec_embedding_dim=128,iptmnet_node2vec_num_negative_samples=1,iptmnet_node2vec_p=0.4,iptmnet_node2vec_q=0.8,iptmnet_node2vec_walk_length=50,iptmnet_node2vec_walks_per_node=20,rf_criterion=entropy,rf_edge_operator=cat,rf_max_depth=0.1,rf_max_features=log2,rf_min_samples_leaf=7,rf_min_samples_split=91",cc,hadamard,cat,20.0,128.0,90.0,15.0,10.0,0.2,0.8,2.0,128.0,50.0,15.0,20.0,0.4,0.8,1.0,0.1,entropy,log2,91.0,7.0
,,,,,,,,,,,,,,,,,,,,,,,,,,,,,,,,,,,,,,,,,,,
0.7826831526422904,0.7936397243984425,0.6673860264364715,0.611468116658428,0.7345605700712589,7228.073037862778,True,,,1.0,61c66291b86c41fa85011985ad7ecb00,2021-03-19_07-04-27,1616137467.0,7228.073037862778,181243.0,rocm-server,10.162.156.112,7228.073037862778,0.0,1.0,"49_fb_binary_operator=avg,go_node2vec_context_size=15,go_node2vec_embedding_dim=112,go_node2vec_num_negative_samples=1,go_node2vec_p=0.6,go_node2vec_q=0.1,go_node2vec_walk_length=100,go_node2vec_walks_per_node=20,go_term_types=none,iptmnet_node2vec_context_size=20,iptmnet_node2vec_embedding_dim=128,iptmnet_node2vec_num_negative_samples=3,iptmnet_node2vec_p=0.8,iptmnet_node2vec_q=0.5,iptmnet_node2vec_walk_length=80,iptmnet_node2vec_walks_per_node=20,rf_criterion=gini,rf_edge_operator=hadamard,rf_max_depth=0.8,rf_max_features=sqrt,rf_min_samples_leaf=9,rf_min_samples_split=66",none,avg,hadamard,20.0,112.0,100.0,15.0,20.0,0.6000000000000001,0.1,1.0,128.0,80.0,20.0,20.0,0.8,0.5,3.0,0.8,gini,sqrt,66.0,9.0
